artist,title,price,status,link
Animate the:end,Anomalous,Free,Digital Only,https://youtu.be/TVIdVhq40o0
Anup Sastry,Bloom,£3,Digital Only,https://youtube.com/playlist?list=OLAK5uy_mZcvkvIwPfHR-lEz_t9cSl-VMhs3GT800
Anup Sastry,Lion,£3,Digital Only,https://anupsastry.bandcamp.com/album/lion
Anup Sastry,Titan,£3,Digital Only,https://anupsastry.bandcamp.com/album/titan
Arch Echo,You Wan't Believe What Happens Next!,$10,Purchased,https://youtube.com/playlist?list=OLAK5uy_lnF3h2kmzBMUCYz-KQjyRvPmNZznvWP5s
As Beings,The Path That Defined Me,Free,Digital Only,https://asbeings.bandcamp.com/album/the-path-that-defined-me
Ascend the Helix,Spiral of Reflection,$10,Digital Only,https://www.youtube.com/playlist?list=OLAK5uy_nDqZgJGiWUHBqVYfEOgeegAECXrTGKY9E
Before I Turn,Claustrophobic,???,Digital Only,https://www.youtube.com/watch?v=7zrx_avIvpY
Bottled Science,The Machinations of Dementia,$8.99,Digital Only,https://www.youtube.com/playlist?list=OLAK5uy_n5EN67Nl-_Fcozu3simWaeZT35G1b2c9M
Car Bomb,Meta,???,,https://www.ebay.co.uk/itm/358740768855
Car Bomb,Tiles Whisper Dreams,£20,,https://carbomb.bandcamp.com/album/tiles-whisper-dreams-ep
Daniel Weiss,The Vortex,$7,Digital Only,https://danielweiss.bandcamp.com/album/the-vortex
Dezolve,Biblion,£35,,https://store.kingrecords.co.jp/shop/g/gKICJ-885/
Ever Forthright,Ever Forthright,$6,Digital Only,https://everforthright.bandcamp.com/album/ever-forthright
Everything Yes,Volume 2,???,Digital Only,https://youtube.com/playlist?list=OLAK5uy_k0U4XuGE1GD7F1S547fvhhXI98wnUSneA&si=964ZUIsNLclURR1x
Frontières,La trilogie,£12,Digital Only,https://frontieres.bandcamp.com/album/la-trilogie
Gorod,The Orb,£16,,https://www.amazon.co.uk/Orb-Ltd-Digisleeve-Gorod/dp/B0BVFWZ272
Grapefruit Astronaut,Swan Puddle,???,Digital Only,https://www.youtube.com/playlist?list=OLAK5uy_lbhcMWehJSIcdn2WpYlkDqUG5HhFTwQoI
HAAMOJA,Natural Evolution,$10,Digital Only,https://youtu.be/MoJTemOjaw0
Hidden Machine,Unlimited,$5,Digital Only,https://hiddenmachineofficial.bandcamp.com/album/unlimited
I Built The Sky,Promise Me You'll Thrive,£29,,https://ibuiltthesky.bandcamp.com/album/promise-me-youll-thrive
Intervals,The Way Forward,£28,,https://www.discogs.com/release/11233192-Intervals-The-Way-Forward
Jack Gardiner - Owane,Chapter One: Shredemption,£7,Digital Only,https://owane.bandcamp.com/album/chapter-one-shredemption
Jack Gardiner - Owane,Guardian Spirits of the Quantum Multiverse,£7,Digital Only,https://jackgardinerofficial.bandcamp.com/album/guardian-spirits-of-the-quantum-multiverse
Jesse Zuretti,Argent Shock,$9.99,Digital Only,https://jessezuretti.bandcamp.com/album/argent-shock
Jesus Molina,Departing,€10,Digital Only,https://jesusmolina.bandcamp.com/album/departing
Joscho Stephan,Take-off,€20,,https://joscho-stephan.de/en/products/take-off
Mendel,Subliminal Colors,€8,Digital Only,https://www.youtube.com/playlist?list=OLAK5uy_lEZqcQHSiTyrZYXNiTi9n-eyTS1Ked9ME
Moray Pringle,Good Times,£10,Digital Only,https://www.youtube.com/playlist?list=OLAK5uy_mzqdTtUdwPn_2TfNuC59cdi1Q9UfQ4Xps
Myth of I,Blood,$7,Digital Only,https://www.youtube.com/playlist?list=OLAK5uy_kMuNEPgJSG2-5ptyTDJJy8G0tSeAw_n60
Nova Collective,The Further Side,£28,Purchased,https://wdisque.shop-pro.jp/?pid=117410213
Obesity,Duck Invasion,???,Digital Only,https://youtube.com/playlist?list=OLAK5uy_m7z4uL9-wwXgojxWpY-wih0G2Hsdz7n2o
Paul Wardingham,Spiritual Machines,$24,,https://www.discogs.com/master/2924575-Paul-Wardingham-Spiritual-Machines
Poltergeist,Impressions Of The Bizarre And The Uncanny,£5,Digital Only,https://www.youtube.com/playlist?list=OLAK5uy_lYxy5BRQzdoRWbBMgbze9PIqWTbEO86aE
Portraits,Buy High,???,Digital Only,https://listentoportraits.bandcamp.com/album/buy-high
RO1,Errorist,$8,Digital Only,https://youtu.be/0qi7LbZwqzc
RO1,Eighteen,$10,Digital Only,https://www.youtube.com/playlist?list=OLAK5uy_k1ClIuvFnjYTnlpAu_fbdl7wSM5xS7HmQ
Reflection,The Fantasy Effect,£10,Digital Only,https://youtube.com/playlist?list=OLAK5uy_nOj_rbzanic4uFqn9H6VmnqHOl0T-VcPI
Reflections,Exist Redux,???,Digital Only,https://reflections.bandcamp.com/album/exist-redux-ep
Reflections,Willow,$12,Digital Only,https://reflections.bandcamp.com/album/willow
Rings of Saturn,Lugal Ki En,£25,,https://www.discogs.com/master/763358-Rings-Of-Saturn-Lugal-Ki-En
Sail's End,The EP of Silence,???,Digital Only,https://www.youtube.com/playlist?list=OLAK5uy_msV3MI9nkfzKJsYksD6YmYeKUhHxbOe9k
Sean Hall,Terrestrial,$6,Digital Only,https://youtube.com/playlist?list=OLAK5uy_kGtEjyHOlUjEaxwgi0uQLugoSlTLBwWyY
Sithu Aye,Cassini,£7,Digital Only,https://youtu.be/1QCfbbW4NEw
Sleen,It Can('t) Be Worse,???,Digital Only,https://www.youtube.com/playlist?list=OLAK5uy_m4eoud8d-HvSZlt0zquagVnXueMlUab2w
Souvenirs Pr,Echoes of Conflict,9$,Digital Only,https://www.qobuz.com/us-en/album/echoes-of-conflict-souvenirs-pr
Spastic Ink,Ink Compatible,£36,,https://www.discogs.com/sell/release/1179423
Starcutter,Starcutter,$10,Digital Only,https://www.youtube.com/playlist?list=OLAK5uy_n6qaRfHwNTh6j1UaRCPBfs_3q6p2F_2i4
Steroid Puppets,Earthguest,£8.02,Digital Only,https://steroidpuppets.bandcamp.com/album/earthguest
Synestia,Premonition,$5,Digital Only,https://youtube.com/watch?v=oZju9xBDAjI
Synestia,The Poetic Edda,$4,Digital Only,https://synestia.bandcamp.com/album/the-poetic-edda
Terramygdala,ExxoStack,???,Digital Only,https://www.youtube.com/playlist?list=PLEkp1Ed1h7_OQoPROUlkLMhd01qiKJt6l
The Enigma Division,The Enigma Division,$7,Digital Only,https://cloudkicker.bandcamp.com/album/the-discovery
The Kiffness,Cat Jams EP,£7,Digital Only,https://thekiffness.bandcamp.com/album/cat-jams
The Mark Varney Project,Centrifugal Funk,£51,,https://www.amazon.com/Centrifugal-Funk-Mark-Varney-Project/dp/B0000YTP20
Thrailkill,Detach,$6,Digital Only,https://youtube.com/playlist?list=OLAK5uy_murwgWyE9a25Q7PXMZYEmMhXdoqi1mG4E
Thrailkill,Everything That Is You,£24,,https://mammothprog.bandcamp.com/album/everything-that-is-you
Thrailkill,Unperson,£27,,https://mammothprog.bandcamp.com/album/unperson
Tool,Fear Inoculum,£40,,https://www.emp.co.uk/p/fear-inoculum/460967.html
Various Artist,Ciao 2020,???,Digital Only,https://youtube.com/playlist?list=PL3ERHH3tuEjNOol2pOaCD_Tv8VAYi8P00
Weston Super Maim,The Neglected Works,Free,Digital Only,https://westonsupermaim.bandcamp.com/album/the-neglected-works
Wide Eyes,Volume,Free,Digital Only,https://www.youtube.com/watch?v=k0zCt_NZIsU
